".y.","group1","group2","effsize","node","tract","n1","n2","conf.low","conf.high","magnitude"
"pre","0","1",0.351476505389523,2,"Left_Arcuate",27,56,-0.1,0.8,"small"
"pre","0","1",0.189799607315489,2,"Left_IFOF",27,56,-0.3,0.69,"negligible"
"pre","0","1",-0.0483821897444577,2,"Left_ILF",27,56,-0.4,0.49,"negligible"
"pre","0","1",0.258869104078942,2,"Left_SLF",27,56,-0.23,0.69,"small"
"pre","0","1",0.421323198183962,2,"Right_Arcuate",27,56,-0.15,0.91,"small"
"pre","0","1",0.481973182885967,2,"Right_IFOF",27,56,0.01,1.03,"small"
"pre","0","1",0.0371163029790002,2,"Right_ILF",27,56,-0.39,0.58,"negligible"
"pre","0","1",-0.409720854040756,2,"Right_SLF",27,56,-0.69,-0.07,"small"
"pre","0","1",0.285383666322524,3,"Left_Arcuate",27,56,-0.18,0.78,"small"
"pre","0","1",0.149422436000146,3,"Left_IFOF",27,56,-0.3,0.68,"negligible"
"pre","0","1",0.237473302639204,3,"Left_ILF",27,56,-0.21,0.75,"small"
"pre","0","1",0.0353175082698214,3,"Left_SLF",27,56,-0.46,0.54,"negligible"
"pre","0","1",0.434740738713832,3,"Right_Arcuate",27,56,-0.16,0.92,"small"
"pre","0","1",0.425842907248361,3,"Right_IFOF",27,56,-0.06,0.91,"small"
"pre","0","1",-0.107393079231401,3,"Right_ILF",27,56,-0.58,0.37,"negligible"
"pre","0","1",-0.366594002877641,3,"Right_SLF",27,56,-0.77,0.07,"small"
"pre","0","1",0.425347342084446,4,"Left_Arcuate",27,56,-0.04,0.85,"small"
"pre","0","1",-0.0124540430733855,4,"Left_IFOF",27,56,-0.46,0.46,"negligible"
"pre","0","1",0.331796360271081,4,"Left_ILF",27,56,-0.11,0.86,"small"
"pre","0","1",-0.0562342482357934,4,"Left_SLF",27,56,-0.52,0.43,"negligible"
"pre","0","1",0.455427465630587,4,"Right_Arcuate",27,56,-0.11,0.97,"small"
"pre","0","1",0.386799877350297,4,"Right_IFOF",27,56,-0.08,0.86,"small"
"pre","0","1",-0.0623991274842931,4,"Right_ILF",27,56,-0.53,0.4,"negligible"
"pre","0","1",-0.206899627942456,4,"Right_SLF",27,56,-0.66,0.25,"small"
"pre","0","1",0.493912735729002,5,"Left_Arcuate",27,56,0.05,0.98,"small"
"pre","0","1",-0.223080788564787,5,"Left_IFOF",27,56,-0.69,0.22,"small"
"pre","0","1",0.312375421512064,5,"Left_ILF",27,56,-0.2,0.82,"small"
"pre","0","1",-0.077476917074562,5,"Left_SLF",27,56,-0.54,0.39,"negligible"
"pre","0","1",0.414994063150864,5,"Right_Arcuate",27,56,-0.18,0.97,"small"
"pre","0","1",0.496681135933926,5,"Right_IFOF",27,56,0.01,0.99,"small"
"pre","0","1",0.0622597876599121,5,"Right_ILF",27,56,-0.41,0.56,"negligible"
"pre","0","1",-0.0946002689168177,5,"Right_SLF",27,56,-0.65,0.44,"negligible"
"pre","0","1",0.366516723828012,6,"Left_Arcuate",27,56,-0.1,0.85,"small"
"pre","0","1",-0.310704560980598,6,"Left_IFOF",27,56,-0.8,0.12,"small"
"pre","0","1",0.302554182911716,6,"Left_ILF",27,56,-0.16,0.81,"small"
"pre","0","1",-0.0436477618511084,6,"Left_SLF",27,56,-0.47,0.45,"negligible"
"pre","0","1",0.397202429893372,6,"Right_Arcuate",27,56,-0.15,0.98,"small"
"pre","0","1",0.548711697907821,6,"Right_IFOF",27,56,0.07,1.03,"moderate"
"pre","0","1",0.16316398606799,6,"Right_ILF",27,56,-0.31,0.63,"negligible"
"pre","0","1",-0.0375149695293388,6,"Right_SLF",27,56,-0.65,0.41,"negligible"
"pre","0","1",0.338145443582156,7,"Left_Arcuate",27,56,-0.2,0.81,"small"
"pre","0","1",-0.248949680951132,7,"Left_IFOF",27,56,-0.64,0.18,"small"
"pre","0","1",0.263892518458471,7,"Left_ILF",27,56,-0.15,0.82,"small"
"pre","0","1",0.0280847604851198,7,"Left_SLF",27,56,-0.4,0.57,"negligible"
"pre","0","1",0.425651971815794,7,"Right_Arcuate",27,56,-0.08,1.06,"small"
"pre","0","1",0.562744235827323,7,"Right_IFOF",27,56,0.08,1.11,"moderate"
"pre","0","1",0.153263156497764,7,"Right_ILF",27,56,-0.34,0.67,"negligible"
"pre","0","1",0.0218581794082611,7,"Right_SLF",27,56,-0.57,0.48,"negligible"
"pre","0","1",0.395094680335636,8,"Left_Arcuate",27,56,-0.09,0.88,"small"
"pre","0","1",-0.139596226375032,8,"Left_IFOF",27,56,-0.58,0.28,"negligible"
"pre","0","1",0.231466489694608,8,"Left_ILF",27,56,-0.21,0.72,"small"
"pre","0","1",0.0956913164754139,8,"Left_SLF",27,56,-0.36,0.6,"negligible"
"pre","0","1",0.469040125118572,8,"Right_Arcuate",27,56,-0.02,1.13,"small"
"pre","0","1",0.527725522194216,8,"Right_IFOF",27,56,0.05,1.05,"moderate"
"pre","0","1",0.103138157836183,8,"Right_ILF",27,56,-0.38,0.61,"negligible"
"pre","0","1",0.0799784753553359,8,"Right_SLF",27,56,-0.56,0.56,"negligible"
"pre","0","1",0.34320560685024,9,"Left_Arcuate",27,56,-0.15,0.84,"small"
"pre","0","1",-0.0909606406375708,9,"Left_IFOF",27,56,-0.54,0.37,"negligible"
"pre","0","1",0.193244992756996,9,"Left_ILF",27,56,-0.29,0.68,"negligible"
"pre","0","1",0.14770656263353,9,"Left_SLF",27,56,-0.3,0.63,"negligible"
"pre","0","1",0.54411304723942,9,"Right_Arcuate",27,56,0.03,1.1,"moderate"
"pre","0","1",0.503815492415494,9,"Right_IFOF",27,56,0.07,1.02,"moderate"
"pre","0","1",0.0286592939614419,9,"Right_ILF",27,56,-0.45,0.51,"negligible"
"pre","0","1",0.112505861632161,9,"Right_SLF",27,56,-0.46,0.6,"negligible"
"pre","0","1",0.226509922872412,10,"Left_Arcuate",27,56,-0.25,0.71,"small"
"pre","0","1",-0.0885573429449818,10,"Left_IFOF",27,56,-0.54,0.38,"negligible"
"pre","0","1",0.1908585260015,10,"Left_ILF",27,56,-0.26,0.65,"negligible"
"pre","0","1",0.187946061145019,10,"Left_SLF",27,56,-0.3,0.68,"negligible"
"pre","0","1",0.786355886250457,10,"Right_Arcuate",27,56,0.32,1.37,"moderate"
"pre","0","1",0.529993836955117,10,"Right_IFOF",27,56,0.05,1.01,"moderate"
"pre","0","1",-0.0222271156354314,10,"Right_ILF",27,56,-0.49,0.4,"negligible"
"pre","0","1",0.133666115429735,10,"Right_SLF",27,56,-0.42,0.65,"negligible"
"pre","0","1",0.178398876467854,11,"Left_Arcuate",27,56,-0.31,0.7,"negligible"
"pre","0","1",-0.116611630575612,11,"Left_IFOF",27,56,-0.59,0.35,"negligible"
"pre","0","1",0.253388703534646,11,"Left_ILF",27,56,-0.24,0.75,"small"
"pre","0","1",0.255915349168613,11,"Left_SLF",27,56,-0.24,0.78,"small"
"pre","0","1",0.928709742220036,11,"Right_Arcuate",27,56,0.47,1.52,"large"
"pre","0","1",0.557844918875718,11,"Right_IFOF",27,56,0.1,1.13,"moderate"
"pre","0","1",-0.0209791041185514,11,"Right_ILF",27,56,-0.47,0.43,"negligible"
"pre","0","1",0.144507679964271,11,"Right_SLF",27,56,-0.41,0.63,"negligible"
"pre","0","1",0.162691978190123,12,"Left_Arcuate",27,56,-0.37,0.67,"negligible"
"pre","0","1",-0.0952668206842906,12,"Left_IFOF",27,56,-0.56,0.37,"negligible"
"pre","0","1",0.343920553609923,12,"Left_ILF",27,56,-0.17,0.84,"small"
"pre","0","1",0.318168969931662,12,"Left_SLF",27,56,-0.16,0.86,"small"
"pre","0","1",0.996149364330162,12,"Right_Arcuate",27,56,0.48,1.7,"large"
"pre","0","1",0.551700509078842,12,"Right_IFOF",27,56,0.06,1.09,"moderate"
"pre","0","1",0.0343906016132466,12,"Right_ILF",27,56,-0.46,0.49,"negligible"
"pre","0","1",0.180366140439005,12,"Right_SLF",27,56,-0.36,0.69,"negligible"
"pre","0","1",0.220765277099901,13,"Left_Arcuate",27,56,-0.27,0.77,"small"
"pre","0","1",-0.0944695557716881,13,"Left_IFOF",27,56,-0.56,0.38,"negligible"
"pre","0","1",0.394290346688885,13,"Left_ILF",27,56,-0.07,0.9,"small"
"pre","0","1",0.356614798287616,13,"Left_SLF",27,56,-0.14,0.89,"small"
"pre","0","1",0.920733359167589,13,"Right_Arcuate",27,56,0.35,1.71,"large"
"pre","0","1",0.450713740926502,13,"Right_IFOF",27,56,-0.05,0.98,"small"
"pre","0","1",0.0868286605885286,13,"Right_ILF",27,56,-0.36,0.53,"negligible"
"pre","0","1",0.241979214800588,13,"Right_SLF",27,56,-0.23,0.72,"small"
"pre","0","1",0.313257510176811,14,"Left_Arcuate",27,56,-0.2,0.79,"small"
"pre","0","1",-0.0510484217194646,14,"Left_IFOF",27,56,-0.54,0.41,"negligible"
"pre","0","1",0.418457377792531,14,"Left_ILF",27,56,0.0013,0.91,"small"
"pre","0","1",0.357834084262873,14,"Left_SLF",27,56,-0.09,0.88,"small"
"pre","0","1",0.814245278044637,14,"Right_Arcuate",27,56,0.23,1.61,"large"
"pre","0","1",0.356570026945722,14,"Right_IFOF",27,56,-0.14,0.85,"small"
"pre","0","1",0.14614647875572,14,"Right_ILF",27,56,-0.33,0.61,"negligible"
"pre","0","1",0.297173807473393,14,"Right_SLF",27,56,-0.2,0.74,"small"
"pre","0","1",0.408026558231811,15,"Left_Arcuate",27,56,-0.06,0.85,"small"
"pre","0","1",0.0349847964855362,15,"Left_IFOF",27,56,-0.46,0.51,"negligible"
"pre","0","1",0.388563649934475,15,"Left_ILF",27,56,-0.07,0.86,"small"
"pre","0","1",0.355801237220266,15,"Left_SLF",27,56,-0.12,0.87,"small"
"pre","0","1",0.713806524937897,15,"Right_Arcuate",27,56,0.14,1.41,"moderate"
"pre","0","1",0.28303407435238,15,"Right_IFOF",27,56,-0.24,0.8,"small"
"pre","0","1",0.168717159265111,15,"Right_ILF",27,56,-0.32,0.64,"negligible"
"pre","0","1",0.338003777161129,15,"Right_SLF",27,56,-0.1,0.83,"small"
"pre","0","1",0.546910606288051,16,"Left_Arcuate",27,56,0.05,1.01,"moderate"
"pre","0","1",0.100009463575869,16,"Left_IFOF",27,56,-0.39,0.6,"negligible"
"pre","0","1",0.306481270462476,16,"Left_ILF",27,56,-0.11,0.83,"small"
"pre","0","1",0.367440408433982,16,"Left_SLF",27,56,-0.08,0.9,"small"
"pre","0","1",0.504350179341255,16,"Right_Arcuate",27,56,-0.06,1.11,"moderate"
"pre","0","1",0.249905174884117,16,"Right_IFOF",27,56,-0.24,0.73,"small"
"pre","0","1",0.167723090705745,16,"Right_ILF",27,56,-0.32,0.66,"negligible"
"pre","0","1",0.357771387382642,16,"Right_SLF",27,56,-0.15,0.84,"small"
"pre","0","1",0.6215950052184,17,"Left_Arcuate",27,56,0.17,1.07,"moderate"
"pre","0","1",0.155107555229285,17,"Left_IFOF",27,56,-0.32,0.69,"negligible"
"pre","0","1",0.21958802957787,17,"Left_ILF",27,56,-0.22,0.71,"small"
"pre","0","1",0.394025960592469,17,"Left_SLF",27,56,-0.03,0.85,"small"
"pre","0","1",0.313569901778487,17,"Right_Arcuate",27,56,-0.26,0.87,"small"
"pre","0","1",0.197322498909414,17,"Right_IFOF",27,56,-0.25,0.71,"negligible"
"pre","0","1",0.183689699868049,17,"Right_ILF",27,56,-0.28,0.63,"negligible"
"pre","0","1",0.352215736862324,17,"Right_SLF",27,56,-0.13,0.88,"small"
"pre","0","1",0.621412316213249,18,"Left_Arcuate",27,56,0.12,1.1,"moderate"
"pre","0","1",0.216401353649669,18,"Left_IFOF",27,56,-0.26,0.74,"small"
"pre","0","1",0.147146082805364,18,"Left_ILF",27,56,-0.3,0.66,"negligible"
"pre","0","1",0.408422679108669,18,"Left_SLF",27,56,-0.04,0.86,"small"
"pre","0","1",0.171652804453516,18,"Right_Arcuate",27,56,-0.45,0.73,"negligible"
"pre","0","1",0.137166697415943,18,"Right_IFOF",27,56,-0.33,0.63,"negligible"
"pre","0","1",0.195735199549882,18,"Right_ILF",27,56,-0.27,0.67,"negligible"
"pre","0","1",0.335103410678844,18,"Right_SLF",27,56,-0.09,0.82,"small"
"pre","0","1",0.66514057862333,19,"Left_Arcuate",27,56,0.16,1.16,"moderate"
"pre","0","1",0.294012032074647,19,"Left_IFOF",27,56,-0.15,0.8,"small"
"pre","0","1",0.0849196156540287,19,"Left_ILF",27,56,-0.39,0.58,"negligible"
"pre","0","1",0.408044469165101,19,"Left_SLF",27,56,-0.08,0.9,"small"
"pre","0","1",0.0476302317825756,19,"Right_Arcuate",27,56,-0.56,0.58,"negligible"
"pre","0","1",0.100079920560165,19,"Right_IFOF",27,56,-0.3,0.57,"negligible"
"pre","0","1",0.186213274535581,19,"Right_ILF",27,56,-0.31,0.63,"negligible"
"pre","0","1",0.339967479241378,19,"Right_SLF",27,56,-0.15,0.85,"small"
"pre","0","1",0.71647728080916,20,"Left_Arcuate",27,56,0.23,1.27,"moderate"
"pre","0","1",0.405150021076912,20,"Left_IFOF",27,56,-0.06,0.96,"small"
"pre","0","1",0.0297958031022617,20,"Left_ILF",27,56,-0.45,0.52,"negligible"
"pre","0","1",0.404573671348931,20,"Left_SLF",27,56,-0.06,0.88,"small"
"pre","0","1",-0.0198552342220568,20,"Right_Arcuate",27,56,-0.58,0.53,"negligible"
"pre","0","1",0.0757295123540855,20,"Right_IFOF",27,56,-0.43,0.55,"negligible"
"pre","0","1",0.15589434356181,20,"Right_ILF",27,56,-0.26,0.61,"negligible"
"pre","0","1",0.355379637630856,20,"Right_SLF",27,56,-0.1,0.89,"small"
"pre","0","1",0.680602674182368,21,"Left_Arcuate",27,56,0.22,1.21,"moderate"
"pre","0","1",0.488079441870223,21,"Left_IFOF",27,56,0.01,0.99,"small"
"pre","0","1",-0.0131369724640246,21,"Left_ILF",27,56,-0.51,0.47,"negligible"
"pre","0","1",0.372361707783796,21,"Left_SLF",27,56,-0.13,0.86,"small"
"pre","0","1",-0.0607737656216437,21,"Right_Arcuate",27,56,-0.64,0.54,"negligible"
"pre","0","1",0.0915160543429885,21,"Right_IFOF",27,56,-0.36,0.57,"negligible"
"pre","0","1",0.0949976748507983,21,"Right_ILF",27,56,-0.38,0.57,"negligible"
"pre","0","1",0.351481058556475,21,"Right_SLF",27,56,-0.1,0.83,"small"
"pre","0","1",0.545830498481959,22,"Left_Arcuate",27,56,0.07,1.14,"moderate"
"pre","0","1",0.554045339312998,22,"Left_IFOF",27,56,0.08,1.05,"moderate"
"pre","0","1",-0.0316057717095666,22,"Left_ILF",27,56,-0.51,0.47,"negligible"
"pre","0","1",0.296248292657787,22,"Left_SLF",27,56,-0.21,0.75,"small"
"pre","0","1",-0.0700443728811997,22,"Right_Arcuate",27,56,-0.64,0.48,"negligible"
"pre","0","1",0.152578523705713,22,"Right_IFOF",27,56,-0.29,0.66,"negligible"
"pre","0","1",0.0285303899499506,22,"Right_ILF",27,56,-0.44,0.5,"negligible"
"pre","0","1",0.33580891510549,22,"Right_SLF",27,56,-0.1,0.86,"small"
"pre","0","1",0.350647896024662,23,"Left_Arcuate",27,56,-0.09,0.87,"small"
"pre","0","1",0.60734749664527,23,"Left_IFOF",27,56,0.16,1.18,"moderate"
"pre","0","1",-0.0294228876859179,23,"Left_ILF",27,56,-0.5,0.45,"negligible"
"pre","0","1",0.199708230243442,23,"Left_SLF",27,56,-0.26,0.71,"negligible"
"pre","0","1",-0.0804721933604418,23,"Right_Arcuate",27,56,-0.67,0.52,"negligible"
"pre","0","1",0.234444313785278,23,"Right_IFOF",27,56,-0.23,0.72,"small"
"pre","0","1",-0.0382598168820028,23,"Right_ILF",27,56,-0.54,0.42,"negligible"
"pre","0","1",0.329044022541451,23,"Right_SLF",27,56,-0.14,0.9,"small"
"pre","0","1",0.138534891065981,24,"Left_Arcuate",27,56,-0.38,0.65,"negligible"
"pre","0","1",0.613437496362782,24,"Left_IFOF",27,56,0.13,1.12,"moderate"
"pre","0","1",-0.0162912710697567,24,"Left_ILF",27,56,-0.47,0.49,"negligible"
"pre","0","1",0.133997058444912,24,"Left_SLF",27,56,-0.33,0.62,"negligible"
"pre","0","1",-0.0680630675463132,24,"Right_Arcuate",27,56,-0.65,0.49,"negligible"
"pre","0","1",0.341976760948036,24,"Right_IFOF",27,56,-0.13,0.8,"small"
"pre","0","1",-0.0818368275558201,24,"Right_ILF",27,56,-0.59,0.36,"negligible"
"pre","0","1",0.30765716445417,24,"Right_SLF",27,56,-0.18,0.77,"small"
"pre","0","1",-0.0425347016193932,25,"Left_Arcuate",27,56,-0.54,0.4,"negligible"
"pre","0","1",0.605430557344032,25,"Left_IFOF",27,56,0.16,1.13,"moderate"
"pre","0","1",0.005788383569132,25,"Left_ILF",27,56,-0.47,0.52,"negligible"
"pre","0","1",0.0930680855627323,25,"Left_SLF",27,56,-0.4,0.55,"negligible"
"pre","0","1",-0.0700391246659916,25,"Right_Arcuate",27,56,-0.64,0.51,"negligible"
"pre","0","1",0.44405946737349,25,"Right_IFOF",27,56,0.02,0.9,"small"
"pre","0","1",-0.101782043805208,25,"Right_ILF",27,56,-0.58,0.37,"negligible"
"pre","0","1",0.263252474269037,25,"Right_SLF",27,56,-0.22,0.73,"small"
"pre","0","1",-0.178617404079729,26,"Left_Arcuate",27,56,-0.68,0.33,"negligible"
"pre","0","1",0.548889516559329,26,"Left_IFOF",27,56,0.12,1.07,"moderate"
"pre","0","1",0.0249451295683142,26,"Left_ILF",27,56,-0.47,0.52,"negligible"
"pre","0","1",0.0676646336356472,26,"Left_SLF",27,56,-0.42,0.55,"negligible"
"pre","0","1",-0.0716964320306279,26,"Right_Arcuate",27,56,-0.64,0.44,"negligible"
"pre","0","1",0.497985860767874,26,"Right_IFOF",27,56,0.04,1,"small"
"pre","0","1",-0.094242359702389,26,"Right_ILF",27,56,-0.61,0.38,"negligible"
"pre","0","1",0.212200218517804,26,"Right_SLF",27,56,-0.26,0.69,"small"
"pre","0","1",-0.247598485308977,27,"Left_Arcuate",27,56,-0.76,0.28,"small"
"pre","0","1",0.49297348837493,27,"Left_IFOF",27,56,0.02,0.99,"small"
"pre","0","1",0.021813102621479,27,"Left_ILF",27,56,-0.49,0.51,"negligible"
"pre","0","1",0.0584423826374031,27,"Left_SLF",27,56,-0.42,0.58,"negligible"
"pre","0","1",0.0141757067895342,27,"Right_Arcuate",27,56,-0.54,0.5,"negligible"
"pre","0","1",0.518432505335149,27,"Right_IFOF",27,56,0.07,0.99,"moderate"
"pre","0","1",-0.0860564422670124,27,"Right_ILF",27,56,-0.56,0.37,"negligible"
"pre","0","1",0.157639375066182,27,"Right_SLF",27,56,-0.33,0.62,"negligible"
"pre","0","1",-0.240205313200022,28,"Left_Arcuate",27,56,-0.74,0.22,"small"
"pre","0","1",0.455355931500697,28,"Left_IFOF",27,56,-0.03,0.96,"small"
"pre","0","1",1.00122654449205e-05,28,"Left_ILF",27,56,-0.48,0.48,"negligible"
"pre","0","1",0.0314933188795981,28,"Left_SLF",27,56,-0.41,0.5,"negligible"
"pre","0","1",0.11278103007663,28,"Right_Arcuate",27,56,-0.41,0.61,"negligible"
"pre","0","1",0.519413867578087,28,"Right_IFOF",27,56,0.07,1.05,"moderate"
"pre","0","1",-0.0719280236447594,28,"Right_ILF",27,56,-0.53,0.4,"negligible"
"pre","0","1",0.110226269649953,28,"Right_SLF",27,56,-0.37,0.6,"negligible"
"pre","0","1",-0.152890385629973,29,"Left_Arcuate",27,56,-0.67,0.33,"negligible"
"pre","0","1",0.436186405624304,29,"Left_IFOF",27,56,-0.07,0.98,"small"
"pre","0","1",-0.0153089936860988,29,"Left_ILF",27,56,-0.49,0.46,"negligible"
"pre","0","1",-0.00376076624626965,29,"Left_SLF",27,56,-0.51,0.5,"negligible"
"pre","0","1",0.147731181583465,29,"Right_Arcuate",27,56,-0.45,0.7,"negligible"
"pre","0","1",0.501990680266288,29,"Right_IFOF",27,56,0.04,1,"moderate"
"pre","0","1",-0.063920184540348,29,"Right_ILF",27,56,-0.54,0.39,"negligible"
"pre","0","1",0.0818864056722476,29,"Right_SLF",27,56,-0.39,0.57,"negligible"
"pre","0","1",-0.0221509614187231,30,"Left_Arcuate",27,56,-0.51,0.48,"negligible"
"pre","0","1",0.417880380539406,30,"Left_IFOF",27,56,-0.04,0.93,"small"
"pre","0","1",-0.0105565757860356,30,"Left_ILF",27,56,-0.49,0.49,"negligible"
"pre","0","1",-0.0186582617106752,30,"Left_SLF",27,56,-0.45,0.44,"negligible"
"pre","0","1",0.13448366459318,30,"Right_Arcuate",27,56,-0.39,0.73,"negligible"
"pre","0","1",0.475124799648265,30,"Right_IFOF",27,56,-0.01,0.99,"small"
"pre","0","1",-0.0599858547640765,30,"Right_ILF",27,56,-0.52,0.43,"negligible"
"pre","0","1",0.0729141802251875,30,"Right_SLF",27,56,-0.39,0.55,"negligible"
"pre","0","1",0.0950724535681191,31,"Left_Arcuate",27,56,-0.41,0.63,"negligible"
"pre","0","1",0.42630616414984,31,"Left_IFOF",27,56,-0.06,0.92,"small"
"pre","0","1",0.0154643878523537,31,"Left_ILF",27,56,-0.46,0.49,"negligible"
"pre","0","1",-0.0197199623377408,31,"Left_SLF",27,56,-0.51,0.44,"negligible"
"pre","0","1",0.0697052801422139,31,"Right_Arcuate",27,56,-0.46,0.68,"negligible"
"pre","0","1",0.45525471953282,31,"Right_IFOF",27,56,0.0065,0.97,"small"
"pre","0","1",-0.0534370178540153,31,"Right_ILF",27,56,-0.54,0.39,"negligible"
"pre","0","1",0.0831885438378362,31,"Right_SLF",27,56,-0.4,0.62,"negligible"
"pre","0","1",0.197295313165505,32,"Left_Arcuate",27,56,-0.31,0.73,"negligible"
"pre","0","1",0.435103770185774,32,"Left_IFOF",27,56,-0.04,0.97,"small"
"pre","0","1",0.0633126996054773,32,"Left_ILF",27,56,-0.41,0.54,"negligible"
"pre","0","1",-0.0141172986296124,32,"Left_SLF",27,56,-0.49,0.43,"negligible"
"pre","0","1",0.0242592501896578,32,"Right_Arcuate",27,56,-0.56,0.61,"negligible"
"pre","0","1",0.450373277472568,32,"Right_IFOF",27,56,0.0086,1,"small"
"pre","0","1",-0.0495728525312853,32,"Right_ILF",27,56,-0.54,0.43,"negligible"
"pre","0","1",0.103806693724115,32,"Right_SLF",27,56,-0.34,0.61,"negligible"
"pre","0","1",0.283136493939942,33,"Left_Arcuate",27,56,-0.18,0.77,"small"
"pre","0","1",0.451745250358527,33,"Left_IFOF",27,56,0.02,1.03,"small"
"pre","0","1",0.104355413166999,33,"Left_ILF",27,56,-0.38,0.56,"negligible"
"pre","0","1",-0.00277390542751917,33,"Left_SLF",27,56,-0.47,0.51,"negligible"
"pre","0","1",-0.0137770560283795,33,"Right_Arcuate",27,56,-0.53,0.57,"negligible"
"pre","0","1",0.450095777561744,33,"Right_IFOF",27,56,-0.06,0.97,"small"
"pre","0","1",-0.0463711967940487,33,"Right_ILF",27,56,-0.54,0.38,"negligible"
"pre","0","1",0.132949849412891,33,"Right_SLF",27,56,-0.35,0.63,"negligible"
"pre","0","1",0.354685244473517,34,"Left_Arcuate",27,56,-0.15,0.8,"small"
"pre","0","1",0.458561516366872,34,"Left_IFOF",27,56,-0.0048,0.97,"small"
"pre","0","1",0.134166955048477,34,"Left_ILF",27,56,-0.32,0.6,"negligible"
"pre","0","1",0.0171141624132296,34,"Left_SLF",27,56,-0.45,0.55,"negligible"
"pre","0","1",-0.0271212356891008,34,"Right_Arcuate",27,56,-0.64,0.5,"negligible"
"pre","0","1",0.421109087278259,34,"Right_IFOF",27,56,0.0084,0.95,"small"
"pre","0","1",-0.0245641471029469,34,"Right_ILF",27,56,-0.5,0.45,"negligible"
"pre","0","1",0.170382862892283,34,"Right_SLF",27,56,-0.28,0.67,"negligible"
"pre","0","1",0.364027657574631,35,"Left_Arcuate",27,56,-0.11,0.92,"small"
"pre","0","1",0.460538249774077,35,"Left_IFOF",27,56,-0.0056,0.98,"small"
"pre","0","1",0.130032918301501,35,"Left_ILF",27,56,-0.35,0.55,"negligible"
"pre","0","1",0.0521527154676829,35,"Left_SLF",27,56,-0.45,0.5,"negligible"
"pre","0","1",-0.00373670737871892,35,"Right_Arcuate",27,56,-0.61,0.56,"negligible"
"pre","0","1",0.370514464751535,35,"Right_IFOF",27,56,-0.08,0.9,"small"
"pre","0","1",-0.00157970293081369,35,"Right_ILF",27,56,-0.45,0.44,"negligible"
"pre","0","1",0.212280322821624,35,"Right_SLF",27,56,-0.23,0.68,"small"
"pre","0","1",0.308468298975569,36,"Left_Arcuate",27,56,-0.16,0.8,"small"
"pre","0","1",0.458766201848253,36,"Left_IFOF",27,56,-0.02,0.98,"small"
"pre","0","1",0.116154866065335,36,"Left_ILF",27,56,-0.35,0.57,"negligible"
"pre","0","1",0.0862738281460227,36,"Left_SLF",27,56,-0.37,0.61,"negligible"
"pre","0","1",0.0252231169672114,36,"Right_Arcuate",27,56,-0.5,0.6,"negligible"
"pre","0","1",0.321588848801213,36,"Right_IFOF",27,56,-0.13,0.77,"small"
"pre","0","1",0.0273056810615182,36,"Right_ILF",27,56,-0.41,0.47,"negligible"
"pre","0","1",0.248170041951395,36,"Right_SLF",27,56,-0.19,0.77,"small"
"pre","0","1",0.242170682590875,37,"Left_Arcuate",27,56,-0.19,0.74,"small"
"pre","0","1",0.445904714694874,37,"Left_IFOF",27,56,-0.02,0.95,"small"
"pre","0","1",0.11153524015022,37,"Left_ILF",27,56,-0.38,0.53,"negligible"
"pre","0","1",0.170149175950933,37,"Left_SLF",27,56,-0.35,0.68,"negligible"
"pre","0","1",0.0348833354626956,37,"Right_Arcuate",27,56,-0.52,0.61,"negligible"
"pre","0","1",0.271628241238545,37,"Right_IFOF",27,56,-0.18,0.77,"small"
"pre","0","1",0.0379203547868685,37,"Right_ILF",27,56,-0.4,0.47,"negligible"
"pre","0","1",0.274023743698234,37,"Right_SLF",27,56,-0.16,0.81,"small"
"pre","0","1",0.185250347494522,38,"Left_Arcuate",27,56,-0.27,0.7,"negligible"
"pre","0","1",0.398071311409009,38,"Left_IFOF",27,56,-0.02,0.93,"small"
"pre","0","1",0.114448950027545,38,"Left_ILF",27,56,-0.36,0.57,"negligible"
"pre","0","1",0.26015791267297,38,"Left_SLF",27,56,-0.21,0.77,"small"
"pre","0","1",0.0202897108949105,38,"Right_Arcuate",27,56,-0.55,0.61,"negligible"
"pre","0","1",0.195741082435837,38,"Right_IFOF",27,56,-0.27,0.64,"negligible"
"pre","0","1",0.0317080626954737,38,"Right_ILF",27,56,-0.37,0.46,"negligible"
"pre","0","1",0.284904855889493,38,"Right_SLF",27,56,-0.19,0.76,"small"
"pre","0","1",0.121675067121617,39,"Left_Arcuate",27,56,-0.35,0.63,"negligible"
"pre","0","1",0.390772498497802,39,"Left_IFOF",27,56,-0.07,0.89,"small"
"pre","0","1",0.122491892670357,39,"Left_ILF",27,56,-0.34,0.58,"negligible"
"pre","0","1",0.356964720614275,39,"Left_SLF",27,56,-0.13,0.91,"small"
"pre","0","1",-0.0456187025270574,39,"Right_Arcuate",27,56,-0.56,0.48,"negligible"
"pre","0","1",0.139231244003995,39,"Right_IFOF",27,56,-0.3,0.58,"negligible"
"pre","0","1",0.0164846088278064,39,"Right_ILF",27,56,-0.42,0.43,"negligible"
"pre","0","1",0.295706944768222,39,"Right_SLF",27,56,-0.15,0.8,"small"
"pre","0","1",0.0689751323112332,40,"Left_Arcuate",27,56,-0.43,0.58,"negligible"
"pre","0","1",0.383251039065711,40,"Left_IFOF",27,56,-0.07,0.94,"small"
"pre","0","1",0.136587266843451,40,"Left_ILF",27,56,-0.33,0.64,"negligible"
"pre","0","1",0.448125349342425,40,"Left_SLF",27,56,-0.04,0.99,"small"
"pre","0","1",-0.0971365362648944,40,"Right_Arcuate",27,56,-0.6,0.45,"negligible"
"pre","0","1",0.129221840161783,40,"Right_IFOF",27,56,-0.34,0.55,"negligible"
"pre","0","1",0.0143527516814557,40,"Right_ILF",27,56,-0.43,0.42,"negligible"
"pre","0","1",0.304100191086675,40,"Right_SLF",27,56,-0.19,0.86,"small"
"pre","0","1",0.0176401207843139,41,"Left_Arcuate",27,56,-0.47,0.51,"negligible"
"pre","0","1",0.373147222959037,41,"Left_IFOF",27,56,-0.12,0.84,"small"
"pre","0","1",0.149093774329493,41,"Left_ILF",27,56,-0.34,0.61,"negligible"
"pre","0","1",0.517952326008017,41,"Left_SLF",27,56,0.06,1.06,"moderate"
"pre","0","1",-0.129994351872732,41,"Right_Arcuate",27,56,-0.69,0.46,"negligible"
"pre","0","1",0.11777438642092,41,"Right_IFOF",27,56,-0.34,0.57,"negligible"
"pre","0","1",0.0379647402281847,41,"Right_ILF",27,56,-0.43,0.46,"negligible"
"pre","0","1",0.306931970134667,41,"Right_SLF",27,56,-0.14,0.83,"small"
"pre","0","1",0.00631269214142776,42,"Left_Arcuate",27,56,-0.49,0.49,"negligible"
"pre","0","1",0.382258698095646,42,"Left_IFOF",27,56,-0.09,0.91,"small"
"pre","0","1",0.158318698968839,42,"Left_ILF",27,56,-0.31,0.66,"negligible"
"pre","0","1",0.562921343122777,42,"Left_SLF",27,56,0.07,1.07,"moderate"
"pre","0","1",-0.12611413167091,42,"Right_Arcuate",27,56,-0.72,0.46,"negligible"
"pre","0","1",0.090633838840469,42,"Right_IFOF",27,56,-0.34,0.52,"negligible"
"pre","0","1",0.0672580592021545,42,"Right_ILF",27,56,-0.38,0.5,"negligible"
"pre","0","1",0.301007866151752,42,"Right_SLF",27,56,-0.13,0.82,"small"
"pre","0","1",0.0534599413871345,43,"Left_Arcuate",27,56,-0.44,0.55,"negligible"
"pre","0","1",0.359962568744519,43,"Left_IFOF",27,56,-0.12,0.83,"small"
"pre","0","1",0.147288829255191,43,"Left_ILF",27,56,-0.32,0.6,"negligible"
"pre","0","1",0.57069510984859,43,"Left_SLF",27,56,0.14,1.08,"moderate"
"pre","0","1",-0.122273426200177,43,"Right_Arcuate",27,56,-0.68,0.44,"negligible"
"pre","0","1",0.0830615178951854,43,"Right_IFOF",27,56,-0.38,0.53,"negligible"
"pre","0","1",0.0926295270763005,43,"Right_ILF",27,56,-0.3,0.52,"negligible"
"pre","0","1",0.279141476373183,43,"Right_SLF",27,56,-0.21,0.78,"small"
"pre","0","1",0.115490004634207,44,"Left_Arcuate",27,56,-0.37,0.62,"negligible"
"pre","0","1",0.373928723752937,44,"Left_IFOF",27,56,-0.11,0.86,"small"
"pre","0","1",0.139174139905475,44,"Left_ILF",27,56,-0.31,0.61,"negligible"
"pre","0","1",0.558899419287132,44,"Left_SLF",27,56,0.09,1.1,"moderate"
"pre","0","1",-0.109277449974435,44,"Right_Arcuate",27,56,-0.7,0.41,"negligible"
"pre","0","1",0.0943445711091968,44,"Right_IFOF",27,56,-0.33,0.5,"negligible"
"pre","0","1",0.116621530363893,44,"Right_ILF",27,56,-0.31,0.53,"negligible"
"pre","0","1",0.243764203734566,44,"Right_SLF",27,56,-0.23,0.76,"small"
"pre","0","1",0.207605191450694,45,"Left_Arcuate",27,56,-0.28,0.69,"small"
"pre","0","1",0.410648176414575,45,"Left_IFOF",27,56,-0.04,0.9,"small"
"pre","0","1",0.13743916716226,45,"Left_ILF",27,56,-0.33,0.6,"negligible"
"pre","0","1",0.524297992577672,45,"Left_SLF",27,56,0.08,0.98,"moderate"
"pre","0","1",-0.141108093377553,45,"Right_Arcuate",27,56,-0.66,0.47,"negligible"
"pre","0","1",0.115141805919361,45,"Right_IFOF",27,56,-0.35,0.54,"negligible"
"pre","0","1",0.151568842097281,45,"Right_ILF",27,56,-0.3,0.58,"negligible"
"pre","0","1",0.21000634422995,45,"Right_SLF",27,56,-0.26,0.73,"small"
"pre","0","1",0.325098696099753,46,"Left_Arcuate",27,56,-0.12,0.88,"small"
"pre","0","1",0.47213266689817,46,"Left_IFOF",27,56,0.02,0.99,"small"
"pre","0","1",0.154018991056322,46,"Left_ILF",27,56,-0.28,0.64,"negligible"
"pre","0","1",0.476202104647538,46,"Left_SLF",27,56,0.01,0.97,"small"
"pre","0","1",-0.21199443801634,46,"Right_Arcuate",27,56,-0.71,0.39,"small"
"pre","0","1",0.151676167290213,46,"Right_IFOF",27,56,-0.31,0.58,"negligible"
"pre","0","1",0.166692372609313,46,"Right_ILF",27,56,-0.29,0.57,"negligible"
"pre","0","1",0.187987629258093,46,"Right_SLF",27,56,-0.31,0.7,"negligible"
"pre","0","1",0.439595952197684,47,"Left_Arcuate",27,56,-0.07,0.94,"small"
"pre","0","1",0.534105881031649,47,"Left_IFOF",27,56,0.08,1.07,"moderate"
"pre","0","1",0.179343875951765,47,"Left_ILF",27,56,-0.28,0.65,"negligible"
"pre","0","1",0.426499507455729,47,"Left_SLF",27,56,-0.03,0.92,"small"
"pre","0","1",-0.207906544982243,47,"Right_Arcuate",27,56,-0.68,0.38,"small"
"pre","0","1",0.185960296868267,47,"Right_IFOF",27,56,-0.29,0.64,"negligible"
"pre","0","1",0.126013990348894,47,"Right_ILF",27,56,-0.32,0.55,"negligible"
"pre","0","1",0.179530675340502,47,"Right_SLF",27,56,-0.28,0.72,"negligible"
"pre","0","1",0.505211036547736,48,"Left_Arcuate",27,56,0.03,1.04,"moderate"
"pre","0","1",0.568156920965884,48,"Left_IFOF",27,56,0.12,1.13,"moderate"
"pre","0","1",0.204551344504292,48,"Left_ILF",27,56,-0.24,0.69,"small"
"pre","0","1",0.398454050596406,48,"Left_SLF",27,56,-0.07,0.88,"small"
"pre","0","1",-0.1165800089187,48,"Right_Arcuate",27,56,-0.61,0.45,"negligible"
"pre","0","1",0.229845893288531,48,"Right_IFOF",27,56,-0.25,0.65,"small"
"pre","0","1",0.0856387930959679,48,"Right_ILF",27,56,-0.36,0.53,"negligible"
"pre","0","1",0.173938236060229,48,"Right_SLF",27,56,-0.31,0.65,"negligible"
"pre","0","1",0.539345061521216,49,"Left_Arcuate",27,56,0.07,1.07,"moderate"
"pre","0","1",0.53785385650329,49,"Left_IFOF",27,56,0.06,1.04,"moderate"
"pre","0","1",0.223678834482958,49,"Left_ILF",27,56,-0.21,0.72,"small"
"pre","0","1",0.39570048186944,49,"Left_SLF",27,56,-0.09,0.9,"small"
"pre","0","1",0.0211300483380799,49,"Right_Arcuate",27,56,-0.48,0.64,"negligible"
"pre","0","1",0.275574519911398,49,"Right_IFOF",27,56,-0.18,0.71,"small"
"pre","0","1",0.0967584082942852,49,"Right_ILF",27,56,-0.37,0.55,"negligible"
"pre","0","1",0.16537403218376,49,"Right_SLF",27,56,-0.3,0.68,"negligible"
"pre","0","1",0.552680141664838,50,"Left_Arcuate",27,56,0.06,1.06,"moderate"
"pre","0","1",0.47292647115737,50,"Left_IFOF",27,56,-0.03,0.95,"small"
"pre","0","1",0.236908814089045,50,"Left_ILF",27,56,-0.2,0.7,"small"
"pre","0","1",0.396979090945933,50,"Left_SLF",27,56,-0.05,0.88,"small"
"pre","0","1",0.180412350828943,50,"Right_Arcuate",27,56,-0.31,0.75,"negligible"
"pre","0","1",0.293686818699549,50,"Right_IFOF",27,56,-0.15,0.76,"small"
"pre","0","1",0.119313675981128,50,"Right_ILF",27,56,-0.33,0.57,"negligible"
"pre","0","1",0.153621974713254,50,"Right_SLF",27,56,-0.33,0.69,"negligible"
"pre","0","1",0.528884954214888,51,"Left_Arcuate",27,56,0.07,1.08,"moderate"
"pre","0","1",0.433215984937726,51,"Left_IFOF",27,56,-0.03,0.9,"small"
"pre","0","1",0.243871496741032,51,"Left_ILF",27,56,-0.21,0.71,"small"
"pre","0","1",0.388297905529571,51,"Left_SLF",27,56,-0.12,0.89,"small"
"pre","0","1",0.369463326112609,51,"Right_Arcuate",27,56,-0.18,0.92,"small"
"pre","0","1",0.276439269462192,51,"Right_IFOF",27,56,-0.14,0.73,"small"
"pre","0","1",0.136389503084359,51,"Right_ILF",27,56,-0.32,0.58,"negligible"
"pre","0","1",0.138080639274931,51,"Right_SLF",27,56,-0.34,0.6,"negligible"
"pre","0","1",0.43348337237531,52,"Left_Arcuate",27,56,-0.04,0.99,"small"
"pre","0","1",0.401802810241668,52,"Left_IFOF",27,56,-0.03,0.86,"small"
"pre","0","1",0.241648289103825,52,"Left_ILF",27,56,-0.2,0.76,"small"
"pre","0","1",0.349188150491768,52,"Left_SLF",27,56,-0.12,0.87,"small"
"pre","0","1",0.463877940009193,52,"Right_Arcuate",27,56,-0.03,1.04,"small"
"pre","0","1",0.221767186229004,52,"Right_IFOF",27,56,-0.23,0.7,"small"
"pre","0","1",0.158748480943438,52,"Right_ILF",27,56,-0.3,0.6,"negligible"
"pre","0","1",0.126845030085155,52,"Right_SLF",27,56,-0.35,0.62,"negligible"
"pre","0","1",0.326095411184372,53,"Left_Arcuate",27,56,-0.16,0.9,"small"
"pre","0","1",0.370631835797014,53,"Left_IFOF",27,56,-0.06,0.83,"small"
"pre","0","1",0.249985010999526,53,"Left_ILF",27,56,-0.24,0.7,"small"
"pre","0","1",0.278069383041617,53,"Left_SLF",27,56,-0.17,0.81,"small"
"pre","0","1",0.417921831574515,53,"Right_Arcuate",27,56,-0.15,0.93,"small"
"pre","0","1",0.141642621768954,53,"Right_IFOF",27,56,-0.35,0.65,"negligible"
"pre","0","1",0.160346472589706,53,"Right_ILF",27,56,-0.3,0.6,"negligible"
"pre","0","1",0.115964625775993,53,"Right_SLF",27,56,-0.36,0.59,"negligible"
"pre","0","1",0.188551197879194,54,"Left_Arcuate",27,56,-0.29,0.71,"negligible"
"pre","0","1",0.348323405657248,54,"Left_IFOF",27,56,-0.12,0.84,"small"
"pre","0","1",0.277102573482368,54,"Left_ILF",27,56,-0.22,0.75,"small"
"pre","0","1",0.19137755738805,54,"Left_SLF",27,56,-0.29,0.73,"negligible"
"pre","0","1",0.334420936835324,54,"Right_Arcuate",27,56,-0.28,0.89,"small"
"pre","0","1",0.121138249544524,54,"Right_IFOF",27,56,-0.36,0.59,"negligible"
"pre","0","1",0.143974803572618,54,"Right_ILF",27,56,-0.3,0.59,"negligible"
"pre","0","1",0.0920873931691198,54,"Right_SLF",27,56,-0.37,0.59,"negligible"
"pre","0","1",0.0711456985036788,55,"Left_Arcuate",27,56,-0.4,0.64,"negligible"
"pre","0","1",0.285459315337545,55,"Left_IFOF",27,56,-0.2,0.75,"small"
"pre","0","1",0.308452340687076,55,"Left_ILF",27,56,-0.19,0.8,"small"
"pre","0","1",0.124969314612639,55,"Left_SLF",27,56,-0.36,0.65,"negligible"
"pre","0","1",0.242055949937685,55,"Right_Arcuate",27,56,-0.34,0.81,"small"
"pre","0","1",0.165208640943112,55,"Right_IFOF",27,56,-0.29,0.63,"negligible"
"pre","0","1",0.0815175855561323,55,"Right_ILF",27,56,-0.36,0.54,"negligible"
"pre","0","1",0.0625393721572429,55,"Right_SLF",27,56,-0.38,0.51,"negligible"
"pre","0","1",-0.0135673989988005,56,"Left_Arcuate",27,56,-0.46,0.48,"negligible"
"pre","0","1",0.255698388528823,56,"Left_IFOF",27,56,-0.2,0.74,"small"
"pre","0","1",0.32914202484695,56,"Left_ILF",27,56,-0.18,0.89,"small"
"pre","0","1",0.0837164509568149,56,"Left_SLF",27,56,-0.45,0.58,"negligible"
"pre","0","1",0.19433543702918,56,"Right_Arcuate",27,56,-0.35,0.8,"negligible"
"pre","0","1",0.212130403321506,56,"Right_IFOF",27,56,-0.24,0.7,"small"
"pre","0","1",-0.0205371325306653,56,"Right_ILF",27,56,-0.49,0.42,"negligible"
"pre","0","1",0.0321432674570357,56,"Right_SLF",27,56,-0.48,0.48,"negligible"
"pre","0","1",-0.0932989359495933,57,"Left_Arcuate",27,56,-0.61,0.4,"negligible"
"pre","0","1",0.261840238909064,57,"Left_IFOF",27,56,-0.21,0.75,"small"
"pre","0","1",0.355039328151097,57,"Left_ILF",27,56,-0.11,0.93,"small"
"pre","0","1",0.0668150602463791,57,"Left_SLF",27,56,-0.45,0.58,"negligible"
"pre","0","1",0.185622262448239,57,"Right_Arcuate",27,56,-0.38,0.8,"negligible"
"pre","0","1",0.235477191460483,57,"Right_IFOF",27,56,-0.23,0.68,"small"
"pre","0","1",-0.10748267485433,57,"Right_ILF",27,56,-0.57,0.38,"negligible"
"pre","0","1",0.00368469642922872,57,"Right_SLF",27,56,-0.45,0.47,"negligible"
"pre","0","1",-0.116440659726937,58,"Left_Arcuate",27,56,-0.66,0.36,"negligible"
"pre","0","1",0.307546838741845,58,"Left_IFOF",27,56,-0.17,0.8,"small"
"pre","0","1",0.369779941192692,58,"Left_ILF",27,56,-0.14,0.89,"small"
"pre","0","1",0.0517108559849528,58,"Left_SLF",27,56,-0.46,0.57,"negligible"
"pre","0","1",0.194286569563731,58,"Right_Arcuate",27,56,-0.29,0.84,"negligible"
"pre","0","1",0.252180248623072,58,"Right_IFOF",27,56,-0.19,0.73,"small"
"pre","0","1",-0.141578971010368,58,"Right_ILF",27,56,-0.63,0.34,"negligible"
"pre","0","1",-0.0196571074513294,58,"Right_SLF",27,56,-0.47,0.44,"negligible"
"pre","0","1",-0.100124661221847,59,"Left_Arcuate",27,56,-0.61,0.39,"negligible"
"pre","0","1",0.390131485422252,59,"Left_IFOF",27,56,-0.06,0.89,"small"
"pre","0","1",0.386626006107907,59,"Left_ILF",27,56,-0.12,0.96,"small"
"pre","0","1",0.043520213714967,59,"Left_SLF",27,56,-0.48,0.51,"negligible"
"pre","0","1",0.144224513979098,59,"Right_Arcuate",27,56,-0.35,0.76,"negligible"
"pre","0","1",0.300645102347739,59,"Right_IFOF",27,56,-0.17,0.79,"small"
"pre","0","1",-0.114760667496727,59,"Right_ILF",27,56,-0.6,0.34,"negligible"
"pre","0","1",-0.0215274298049843,59,"Right_SLF",27,56,-0.48,0.45,"negligible"
"pre","0","1",-0.0715881613994848,60,"Left_Arcuate",27,56,-0.53,0.44,"negligible"
"pre","0","1",0.476791463277744,60,"Left_IFOF",27,56,0.05,0.92,"small"
"pre","0","1",0.412525844284789,60,"Left_ILF",27,56,-0.09,0.99,"small"
"pre","0","1",0.0432113770380722,60,"Left_SLF",27,56,-0.41,0.51,"negligible"
"pre","0","1",0.0575729062335529,60,"Right_Arcuate",27,56,-0.54,0.64,"negligible"
"pre","0","1",0.380928492359306,60,"Right_IFOF",27,56,-0.07,0.88,"small"
"pre","0","1",-0.0504480758604702,60,"Right_ILF",27,56,-0.54,0.41,"negligible"
"pre","0","1",-0.0114952592620579,60,"Right_SLF",27,56,-0.46,0.49,"negligible"
"pre","0","1",-0.0425768907089441,61,"Left_Arcuate",27,56,-0.5,0.44,"negligible"
"pre","0","1",0.549633030252529,61,"Left_IFOF",27,56,0.12,1,"moderate"
"pre","0","1",0.429607185291646,61,"Left_ILF",27,56,-0.06,0.98,"small"
"pre","0","1",0.0562348353780147,61,"Left_SLF",27,56,-0.45,0.57,"negligible"
"pre","0","1",-0.0434771226853959,61,"Right_Arcuate",27,56,-0.57,0.51,"negligible"
"pre","0","1",0.458079668029161,61,"Right_IFOF",27,56,0.0064,0.95,"small"
"pre","0","1",0.0128545270599386,61,"Right_ILF",27,56,-0.45,0.45,"negligible"
"pre","0","1",0.00104501106013169,61,"Right_SLF",27,56,-0.46,0.52,"negligible"
"pre","0","1",-0.00298137713678015,62,"Left_Arcuate",27,56,-0.48,0.55,"negligible"
"pre","0","1",0.54716522039791,62,"Left_IFOF",27,56,0.15,1.05,"moderate"
"pre","0","1",0.432028114831074,62,"Left_ILF",27,56,-0.03,0.92,"small"
"pre","0","1",0.0483917816972994,62,"Left_SLF",27,56,-0.42,0.54,"negligible"
"pre","0","1",-0.0896721162256189,62,"Right_Arcuate",27,56,-0.68,0.44,"negligible"
"pre","0","1",0.564172355851692,62,"Right_IFOF",27,56,0.13,1.08,"moderate"
"pre","0","1",0.0389079101511626,62,"Right_ILF",27,56,-0.44,0.52,"negligible"
"pre","0","1",0.0108156132870835,62,"Right_SLF",27,56,-0.45,0.48,"negligible"
"pre","0","1",0.0484360115082463,63,"Left_Arcuate",27,56,-0.45,0.55,"negligible"
"pre","0","1",0.492838576265094,63,"Left_IFOF",27,56,0.04,1,"small"
"pre","0","1",0.411013398816042,63,"Left_ILF",27,56,-0.04,0.95,"small"
"pre","0","1",0.0135195494947856,63,"Left_SLF",27,56,-0.49,0.48,"negligible"
"pre","0","1",-0.0685207999654213,63,"Right_Arcuate",27,56,-0.6,0.49,"negligible"
"pre","0","1",0.719671863252026,63,"Right_IFOF",27,56,0.3,1.18,"moderate"
"pre","0","1",0.0521801359864598,63,"Right_ILF",27,56,-0.39,0.48,"negligible"
"pre","0","1",0.0159727351514853,63,"Right_SLF",27,56,-0.48,0.54,"negligible"
"pre","0","1",0.123674520259117,64,"Left_Arcuate",27,56,-0.39,0.72,"negligible"
"pre","0","1",0.458021722222449,64,"Left_IFOF",27,56,0.01,0.94,"small"
"pre","0","1",0.3681239101565,64,"Left_ILF",27,56,-0.15,0.87,"small"
"pre","0","1",-0.0305827895806569,64,"Left_SLF",27,56,-0.46,0.45,"negligible"
"pre","0","1",0.0107232514149295,64,"Right_Arcuate",27,56,-0.58,0.55,"negligible"
"pre","0","1",0.857952921572513,64,"Right_IFOF",27,56,0.39,1.38,"large"
"pre","0","1",0.0828531263805867,64,"Right_ILF",27,56,-0.36,0.56,"negligible"
"pre","0","1",0.0282158266199612,64,"Right_SLF",27,56,-0.47,0.53,"negligible"
"pre","0","1",0.204373478626944,65,"Left_Arcuate",27,56,-0.3,0.81,"small"
"pre","0","1",0.411423165629129,65,"Left_IFOF",27,56,-0.03,0.91,"small"
"pre","0","1",0.325857397811584,65,"Left_ILF",27,56,-0.14,0.85,"small"
"pre","0","1",-0.0760923061699932,65,"Left_SLF",27,56,-0.54,0.43,"negligible"
"pre","0","1",0.126049072520607,65,"Right_Arcuate",27,56,-0.47,0.66,"negligible"
"pre","0","1",0.821674777788341,65,"Right_IFOF",27,56,0.36,1.34,"large"
"pre","0","1",0.107013588899707,65,"Right_ILF",27,56,-0.31,0.54,"negligible"
"pre","0","1",0.0613505753539319,65,"Right_SLF",27,56,-0.42,0.56,"negligible"
"pre","0","1",0.263561073934423,66,"Left_Arcuate",27,56,-0.23,0.92,"small"
"pre","0","1",0.364888234063902,66,"Left_IFOF",27,56,-0.05,0.82,"small"
"pre","0","1",0.311583933747094,66,"Left_ILF",27,56,-0.15,0.82,"small"
"pre","0","1",-0.11421212376364,66,"Left_SLF",27,56,-0.62,0.43,"negligible"
"pre","0","1",0.240403111416633,66,"Right_Arcuate",27,56,-0.31,0.87,"small"
"pre","0","1",0.670501113006806,66,"Right_IFOF",27,56,0.23,1.24,"moderate"
"pre","0","1",0.0898184492438275,66,"Right_ILF",27,56,-0.38,0.55,"negligible"
"pre","0","1",0.099452280658184,66,"Right_SLF",27,56,-0.38,0.61,"negligible"
"pre","0","1",0.316388323020783,67,"Left_Arcuate",27,56,-0.18,0.88,"small"
"pre","0","1",0.350980824972474,67,"Left_IFOF",27,56,-0.13,0.81,"small"
"pre","0","1",0.309002719380917,67,"Left_ILF",27,56,-0.13,0.74,"small"
"pre","0","1",-0.107864576874684,67,"Left_SLF",27,56,-0.57,0.35,"negligible"
"pre","0","1",0.361538067262079,67,"Right_Arcuate",27,56,-0.14,0.98,"small"
"pre","0","1",0.474157327537627,67,"Right_IFOF",27,56,0.01,0.99,"small"
"pre","0","1",0.0580203931234922,67,"Right_ILF",27,56,-0.37,0.55,"negligible"
"pre","0","1",0.142905552611193,67,"Right_SLF",27,56,-0.36,0.62,"negligible"
"pre","0","1",0.341087196823332,68,"Left_Arcuate",27,56,-0.15,0.93,"small"
"pre","0","1",0.418459951237986,68,"Left_IFOF",27,56,-0.07,0.88,"small"
"pre","0","1",0.307831337217333,68,"Left_ILF",27,56,-0.14,0.78,"small"
"pre","0","1",-0.0736519846104302,68,"Left_SLF",27,56,-0.54,0.41,"negligible"
"pre","0","1",0.44184657863555,68,"Right_Arcuate",27,56,-0.11,1.06,"small"
"pre","0","1",0.281445050514186,68,"Right_IFOF",27,56,-0.2,0.81,"small"
"pre","0","1",0.0417280233232906,68,"Right_ILF",27,56,-0.41,0.54,"negligible"
"pre","0","1",0.220689589877041,68,"Right_SLF",27,56,-0.25,0.7,"small"
"pre","0","1",0.344865784118367,69,"Left_Arcuate",27,56,-0.16,0.96,"small"
"pre","0","1",0.514148164430356,69,"Left_IFOF",27,56,0.04,0.99,"moderate"
"pre","0","1",0.289845346157388,69,"Left_ILF",27,56,-0.18,0.74,"small"
"pre","0","1",-0.0375544020552648,69,"Left_SLF",27,56,-0.54,0.45,"negligible"
"pre","0","1",0.4985498151865,69,"Right_Arcuate",27,56,-0.07,1.1,"small"
"pre","0","1",0.149359316799268,69,"Right_IFOF",27,56,-0.31,0.66,"negligible"
"pre","0","1",-0.00737125339028505,69,"Right_ILF",27,56,-0.49,0.47,"negligible"
"pre","0","1",0.334305404382847,69,"Right_SLF",27,56,-0.1,0.81,"small"
"pre","0","1",0.317381580946748,70,"Left_Arcuate",27,56,-0.15,0.86,"small"
"pre","0","1",0.607098923197857,70,"Left_IFOF",27,56,0.14,1.15,"moderate"
"pre","0","1",0.298072078690754,70,"Left_ILF",27,56,-0.12,0.76,"small"
"pre","0","1",-0.0302239083645804,70,"Left_SLF",27,56,-0.54,0.47,"negligible"
"pre","0","1",0.507804257212925,70,"Right_Arcuate",27,56,0.02,1.15,"moderate"
"pre","0","1",0.104627676808257,70,"Right_IFOF",27,56,-0.4,0.65,"negligible"
"pre","0","1",-0.085393806867357,70,"Right_ILF",27,56,-0.52,0.36,"negligible"
"pre","0","1",0.453578928033445,70,"Right_SLF",27,56,-0.03,0.89,"small"
"pre","0","1",0.271445143914908,71,"Left_Arcuate",27,56,-0.24,0.79,"small"
"pre","0","1",0.621120352720608,71,"Left_IFOF",27,56,0.12,1.18,"moderate"
"pre","0","1",0.313354029013438,71,"Left_ILF",27,56,-0.16,0.76,"small"
"pre","0","1",-0.02349623289934,71,"Left_SLF",27,56,-0.56,0.48,"negligible"
"pre","0","1",0.453901272782501,71,"Right_Arcuate",27,56,-0.06,1.08,"small"
"pre","0","1",0.174132323495591,71,"Right_IFOF",27,56,-0.32,0.7,"negligible"
"pre","0","1",-0.12717957436596,71,"Right_ILF",27,56,-0.59,0.33,"negligible"
"pre","0","1",0.51292269747732,71,"Right_SLF",27,56,0.02,0.97,"moderate"
"pre","0","1",0.226517532018366,72,"Left_Arcuate",27,56,-0.28,0.74,"small"
"pre","0","1",0.597380433848292,72,"Left_IFOF",27,56,0.17,1.1,"moderate"
"pre","0","1",0.336452701040258,72,"Left_ILF",27,56,-0.12,0.82,"small"
"pre","0","1",-0.0192186308849517,72,"Left_SLF",27,56,-0.53,0.47,"negligible"
"pre","0","1",0.442060776158929,72,"Right_Arcuate",27,56,-0.1,1.13,"small"
"pre","0","1",0.310639911093731,72,"Right_IFOF",27,56,-0.17,0.83,"small"
"pre","0","1",-0.149543333193563,72,"Right_ILF",27,56,-0.62,0.34,"negligible"
"pre","0","1",0.490973382531878,72,"Right_SLF",27,56,0.03,0.96,"small"
"pre","0","1",0.219750812630823,73,"Left_Arcuate",27,56,-0.25,0.76,"small"
"pre","0","1",0.590008187327965,73,"Left_IFOF",27,56,0.13,1.03,"moderate"
"pre","0","1",0.34749006181887,73,"Left_ILF",27,56,-0.12,0.79,"small"
"pre","0","1",-0.0146474232821898,73,"Left_SLF",27,56,-0.53,0.47,"negligible"
"pre","0","1",0.420055983725937,73,"Right_Arcuate",27,56,-0.15,1.13,"small"
"pre","0","1",0.401532298044176,73,"Right_IFOF",27,56,-0.09,0.85,"small"
"pre","0","1",-0.0750999933188936,73,"Right_ILF",27,56,-0.5,0.42,"negligible"
"pre","0","1",0.442837843869514,73,"Right_SLF",27,56,-0.01,0.93,"small"
"pre","0","1",0.27590792236305,74,"Left_Arcuate",27,56,-0.24,0.82,"small"
"pre","0","1",0.567130154288195,74,"Left_IFOF",27,56,0.12,1.04,"moderate"
"pre","0","1",0.323826563886897,74,"Left_ILF",27,56,-0.16,0.79,"small"
"pre","0","1",0.00356467556066081,74,"Left_SLF",27,56,-0.49,0.54,"negligible"
"pre","0","1",0.433851669703708,74,"Right_Arcuate",27,56,-0.09,1.11,"small"
"pre","0","1",0.454606497749367,74,"Right_IFOF",27,56,-0.01,0.92,"small"
"pre","0","1",0.0671356837304186,74,"Right_ILF",27,56,-0.37,0.56,"negligible"
"pre","0","1",0.375094808754826,74,"Right_SLF",27,56,-0.03,0.85,"small"
"pre","0","1",0.376029827745814,75,"Left_Arcuate",27,56,-0.11,0.9,"small"
"pre","0","1",0.48424380997308,75,"Left_IFOF",27,56,0.06,0.97,"small"
"pre","0","1",0.27323890451033,75,"Left_ILF",27,56,-0.23,0.71,"small"
"pre","0","1",0.0316451916324383,75,"Left_SLF",27,56,-0.51,0.56,"negligible"
"pre","0","1",0.479694066365116,75,"Right_Arcuate",27,56,-0.05,1.18,"small"
"pre","0","1",0.374935627638888,75,"Right_IFOF",27,56,-0.08,0.9,"small"
"pre","0","1",0.23365121498285,75,"Right_ILF",27,56,-0.25,0.73,"small"
"pre","0","1",0.314684701711155,75,"Right_SLF",27,56,-0.11,0.78,"small"
"pre","0","1",0.459510869140599,76,"Left_Arcuate",27,56,-0.01,1.02,"small"
"pre","0","1",0.407004066782699,76,"Left_IFOF",27,56,-0.02,0.88,"small"
"pre","0","1",0.230032577366011,76,"Left_ILF",27,56,-0.25,0.66,"small"
"pre","0","1",0.053651632171827,76,"Left_SLF",27,56,-0.43,0.56,"negligible"
"pre","0","1",0.5200561400703,76,"Right_Arcuate",27,56,-0.03,1.15,"moderate"
"pre","0","1",0.153926173493487,76,"Right_IFOF",27,56,-0.34,0.7,"negligible"
"pre","0","1",0.38056148229107,76,"Right_ILF",27,56,-0.12,0.87,"small"
"pre","0","1",0.269661659392406,76,"Right_SLF",27,56,-0.17,0.75,"small"
"pre","0","1",0.466993588261685,77,"Left_Arcuate",27,56,-0.03,1.01,"small"
"pre","0","1",0.350962154853955,77,"Left_IFOF",27,56,-0.11,0.8,"small"
"pre","0","1",0.200800531611543,77,"Left_ILF",27,56,-0.27,0.66,"small"
"pre","0","1",0.0561969859909549,77,"Left_SLF",27,56,-0.43,0.57,"negligible"
"pre","0","1",0.477251634699095,77,"Right_Arcuate",27,56,-0.04,1.06,"small"
"pre","0","1",0.0300019034349943,77,"Right_IFOF",27,56,-0.44,0.51,"negligible"
"pre","0","1",0.482979646469884,77,"Right_ILF",27,56,0.01,0.95,"small"
"pre","0","1",0.266045475383131,77,"Right_SLF",27,56,-0.17,0.72,"small"
"pre","0","1",0.440792215037964,78,"Left_Arcuate",27,56,-0.04,0.97,"small"
"pre","0","1",0.216938227012385,78,"Left_IFOF",27,56,-0.23,0.67,"small"
"pre","0","1",0.175963608097229,78,"Left_ILF",27,56,-0.3,0.59,"negligible"
"pre","0","1",0.090196870963655,78,"Left_SLF",27,56,-0.39,0.62,"negligible"
"pre","0","1",0.455631325464197,78,"Right_Arcuate",27,56,-0.08,1.04,"small"
"pre","0","1",0.0841246995323539,78,"Right_IFOF",27,56,-0.4,0.52,"negligible"
"pre","0","1",0.545627679263987,78,"Right_ILF",27,56,0.08,1.01,"moderate"
"pre","0","1",0.277156744881848,78,"Right_SLF",27,56,-0.13,0.72,"small"
"pre","0","1",0.389547553705322,79,"Left_Arcuate",27,56,-0.07,0.99,"small"
"pre","0","1",0.0753574295978717,79,"Left_IFOF",27,56,-0.37,0.52,"negligible"
"pre","0","1",0.115099796903036,79,"Left_ILF",27,56,-0.39,0.58,"negligible"
"pre","0","1",0.137490757267911,79,"Left_SLF",27,56,-0.34,0.67,"negligible"
"pre","0","1",0.458252163124336,79,"Right_Arcuate",27,56,-0.11,1.02,"small"
"pre","0","1",0.167285294492131,79,"Right_IFOF",27,56,-0.29,0.62,"negligible"
"pre","0","1",0.561948868687762,79,"Right_ILF",27,56,0.14,1,"moderate"
"pre","0","1",0.270221664023825,79,"Right_SLF",27,56,-0.16,0.74,"small"
"pre","0","1",0.441799302195159,80,"Left_Arcuate",27,56,-0.06,0.95,"small"
"pre","0","1",0.0298898422120068,80,"Left_IFOF",27,56,-0.48,0.51,"negligible"
"pre","0","1",0.064279004456723,80,"Left_ILF",27,56,-0.38,0.51,"negligible"
"pre","0","1",0.176730772345714,80,"Left_SLF",27,56,-0.32,0.7,"negligible"
"pre","0","1",0.461748885083064,80,"Right_Arcuate",27,56,-0.04,1.07,"small"
"pre","0","1",0.184427877787083,80,"Right_IFOF",27,56,-0.31,0.65,"negligible"
"pre","0","1",0.545455768920306,80,"Right_ILF",27,56,0.11,1.01,"moderate"
"pre","0","1",0.269817423378358,80,"Right_SLF",27,56,-0.17,0.73,"small"
"pre","0","1",0.451735851500643,81,"Left_Arcuate",27,56,-0.0015,1.02,"small"
"pre","0","1",0.0419656037043247,81,"Left_IFOF",27,56,-0.4,0.49,"negligible"
"pre","0","1",0.023406939672622,81,"Left_ILF",27,56,-0.42,0.47,"negligible"
"pre","0","1",0.213638612271979,81,"Left_SLF",27,56,-0.28,0.75,"small"
"pre","0","1",0.518494762500051,81,"Right_Arcuate",27,56,0.03,1.06,"moderate"
"pre","0","1",0.0722366893999915,81,"Right_IFOF",27,56,-0.41,0.52,"negligible"
"pre","0","1",0.553074788955647,81,"Right_ILF",27,56,0.06,1.05,"moderate"
"pre","0","1",0.2750276575014,81,"Right_SLF",27,56,-0.16,0.74,"small"
"pre","0","1",0.413829260830376,82,"Left_Arcuate",27,56,-0.07,0.98,"small"
"pre","0","1",0.0634784818539423,82,"Left_IFOF",27,56,-0.43,0.52,"negligible"
"pre","0","1",0.0258119451563173,82,"Left_ILF",27,56,-0.44,0.51,"negligible"
"pre","0","1",0.231794681078823,82,"Left_SLF",27,56,-0.27,0.73,"small"
"pre","0","1",0.516873724844897,82,"Right_Arcuate",27,56,-0.0032,1.13,"moderate"
"pre","0","1",-0.0398263292485923,82,"Right_IFOF",27,56,-0.55,0.43,"negligible"
"pre","0","1",0.530463817792252,82,"Right_ILF",27,56,0.05,1.11,"moderate"
"pre","0","1",0.289491271804269,82,"Right_SLF",27,56,-0.13,0.75,"small"
"pre","0","1",0.416918219169772,83,"Left_Arcuate",27,56,-0.08,1.04,"small"
"pre","0","1",0.0483607807119014,83,"Left_IFOF",27,56,-0.42,0.56,"negligible"
"pre","0","1",0.0826303032190977,83,"Left_ILF",27,56,-0.35,0.58,"negligible"
"pre","0","1",0.205772211282468,83,"Left_SLF",27,56,-0.26,0.71,"small"
"pre","0","1",0.434361792364251,83,"Right_Arcuate",27,56,-0.08,1,"small"
"pre","0","1",0.0485587960548956,83,"Right_IFOF",27,56,-0.45,0.55,"negligible"
"pre","0","1",0.500906674503974,83,"Right_ILF",27,56,0.01,1.05,"moderate"
"pre","0","1",0.336528924265733,83,"Right_SLF",27,56,-0.08,0.84,"small"
"pre","0","1",0.387031923925943,84,"Left_Arcuate",27,56,-0.09,1.05,"small"
"pre","0","1",0.0120028293646052,84,"Left_IFOF",27,56,-0.43,0.51,"negligible"
"pre","0","1",0.122002276231434,84,"Left_ILF",27,56,-0.34,0.61,"negligible"
"pre","0","1",0.152554828827743,84,"Left_SLF",27,56,-0.3,0.64,"negligible"
"pre","0","1",0.44146713002968,84,"Right_Arcuate",27,56,-0.12,0.99,"small"
"pre","0","1",0.243658486317852,84,"Right_IFOF",27,56,-0.23,0.72,"small"
"pre","0","1",0.49791976348512,84,"Right_ILF",27,56,0.02,1.01,"small"
"pre","0","1",0.393508174510784,84,"Right_SLF",27,56,-0.03,0.89,"small"
"pre","0","1",0.413538796350876,85,"Left_Arcuate",27,56,-0.06,1.03,"small"
"pre","0","1",-0.00953472841437131,85,"Left_IFOF",27,56,-0.47,0.46,"negligible"
"pre","0","1",0.166760571242113,85,"Left_ILF",27,56,-0.31,0.69,"negligible"
"pre","0","1",0.115207640817788,85,"Left_SLF",27,56,-0.34,0.6,"negligible"
"pre","0","1",0.428399127737513,85,"Right_Arcuate",27,56,-0.12,1,"small"
"pre","0","1",0.354816965650326,85,"Right_IFOF",27,56,-0.14,0.83,"small"
"pre","0","1",0.437864504165238,85,"Right_ILF",27,56,-0.02,0.97,"small"
"pre","0","1",0.372766210501286,85,"Right_SLF",27,56,-0.04,0.81,"small"
"pre","0","1",0.478606592579935,86,"Left_Arcuate",27,56,-0.05,1.12,"small"
"pre","0","1",0.0449791527847076,86,"Left_IFOF",27,56,-0.43,0.52,"negligible"
"pre","0","1",0.232444315429978,86,"Left_ILF",27,56,-0.25,0.7,"small"
"pre","0","1",0.112353211821344,86,"Left_SLF",27,56,-0.37,0.58,"negligible"
"pre","0","1",0.435590386932686,86,"Right_Arcuate",27,56,-0.14,0.99,"small"
"pre","0","1",0.329407721492279,86,"Right_IFOF",27,56,-0.15,0.79,"small"
"pre","0","1",0.375888804531318,86,"Right_ILF",27,56,-0.09,0.92,"small"
"pre","0","1",0.298679316652614,86,"Right_SLF",27,56,-0.16,0.73,"small"
"pre","0","1",0.453341123551278,87,"Left_Arcuate",27,56,-0.06,1.03,"small"
"pre","0","1",0.150665488954185,87,"Left_IFOF",27,56,-0.28,0.62,"negligible"
"pre","0","1",0.339781910669715,87,"Left_ILF",27,56,-0.17,0.87,"small"
"pre","0","1",0.10585462700417,87,"Left_SLF",27,56,-0.39,0.56,"negligible"
"pre","0","1",0.431690629662997,87,"Right_Arcuate",27,56,-0.15,0.99,"small"
"pre","0","1",0.28247150444894,87,"Right_IFOF",27,56,-0.2,0.76,"small"
"pre","0","1",0.364475222385937,87,"Right_ILF",27,56,-0.09,0.93,"small"
"pre","0","1",0.234422600991459,87,"Right_SLF",27,56,-0.24,0.65,"small"
"pre","0","1",0.319734340292244,88,"Left_Arcuate",27,56,-0.18,0.83,"small"
"pre","0","1",0.224776737726176,88,"Left_IFOF",27,56,-0.21,0.71,"small"
"pre","0","1",0.463159749410914,88,"Left_ILF",27,56,0.05,0.94,"small"
"pre","0","1",0.120320271367293,88,"Left_SLF",27,56,-0.37,0.64,"negligible"
"pre","0","1",0.436004460118593,88,"Right_Arcuate",27,56,-0.11,0.94,"small"
"pre","0","1",0.236556876833331,88,"Right_IFOF",27,56,-0.23,0.69,"small"
"pre","0","1",0.349816148068872,88,"Right_ILF",27,56,-0.11,0.94,"small"
"pre","0","1",0.185754605138687,88,"Right_SLF",27,56,-0.32,0.61,"negligible"
"pre","0","1",0.183364733526459,89,"Left_Arcuate",27,56,-0.29,0.72,"negligible"
"pre","0","1",0.30248363913781,89,"Left_IFOF",27,56,-0.11,0.82,"small"
"pre","0","1",0.56968873378767,89,"Left_ILF",27,56,0.08,1.08,"moderate"
"pre","0","1",0.156195129277639,89,"Left_SLF",27,56,-0.34,0.62,"negligible"
"pre","0","1",0.456399508314782,89,"Right_Arcuate",27,56,-0.14,1.01,"small"
"pre","0","1",0.222940837726927,89,"Right_IFOF",27,56,-0.17,0.71,"small"
"pre","0","1",0.408975264929006,89,"Right_ILF",27,56,-0.09,0.99,"small"
"pre","0","1",0.155561260647241,89,"Right_SLF",27,56,-0.36,0.54,"negligible"
"pre","0","1",0.0844649705880917,90,"Left_Arcuate",27,56,-0.41,0.56,"negligible"
"pre","0","1",0.435193351230532,90,"Left_IFOF",27,56,-0.01,0.89,"small"
"pre","0","1",0.655046674920022,90,"Left_ILF",27,56,0.2,1.21,"moderate"
"pre","0","1",0.207763385723225,90,"Left_SLF",27,56,-0.27,0.71,"small"
"pre","0","1",0.499714987588021,90,"Right_Arcuate",27,56,0.02,1.06,"small"
"pre","0","1",0.166836538668346,90,"Right_IFOF",27,56,-0.28,0.66,"negligible"
"pre","0","1",0.490082820951233,90,"Right_ILF",27,56,-0.01,1.04,"small"
"pre","0","1",0.119686069470503,90,"Right_SLF",27,56,-0.36,0.55,"negligible"
"pre","0","1",0.0340419316326413,91,"Left_Arcuate",27,56,-0.44,0.5,"negligible"
"pre","0","1",0.537408580441509,91,"Left_IFOF",27,56,0.1,1.02,"moderate"
"pre","0","1",0.711370233322945,91,"Left_ILF",27,56,0.2,1.27,"moderate"
"pre","0","1",0.238852074507494,91,"Left_SLF",27,56,-0.24,0.74,"small"
"pre","0","1",0.531104229745428,91,"Right_Arcuate",27,56,0.0041,1.13,"moderate"
"pre","0","1",0.000570279841397818,91,"Right_IFOF",27,56,-0.48,0.49,"negligible"
"pre","0","1",0.615733778480371,91,"Right_ILF",27,56,0.13,1.17,"moderate"
"pre","0","1",0.0609451467300927,91,"Right_SLF",27,56,-0.39,0.52,"negligible"
"pre","0","1",0.0460849538729288,92,"Left_Arcuate",27,56,-0.43,0.53,"negligible"
"pre","0","1",0.535672377394594,92,"Left_IFOF",27,56,0.07,1.02,"moderate"
"pre","0","1",0.756912718148299,92,"Left_ILF",27,56,0.3,1.32,"moderate"
"pre","0","1",0.226439268227355,92,"Left_SLF",27,56,-0.25,0.7,"small"
"pre","0","1",0.472942675263674,92,"Right_Arcuate",27,56,-0.07,1.09,"small"
"pre","0","1",-0.174283755323068,92,"Right_IFOF",27,56,-0.7,0.3,"negligible"
"pre","0","1",0.814012932175507,92,"Right_ILF",27,56,0.33,1.38,"large"
"pre","0","1",-0.0058241413646833,92,"Right_SLF",27,56,-0.45,0.41,"negligible"
"pre","0","1",0.0715871392859079,93,"Left_Arcuate",27,56,-0.42,0.55,"negligible"
"pre","0","1",0.434312590689327,93,"Left_IFOF",27,56,-0.03,0.98,"small"
"pre","0","1",0.688249051257562,93,"Left_ILF",27,56,0.19,1.24,"moderate"
"pre","0","1",0.183855321262897,93,"Left_SLF",27,56,-0.31,0.68,"negligible"
"pre","0","1",0.281735275106854,93,"Right_Arcuate",27,56,-0.23,0.91,"small"
"pre","0","1",-0.245431597728849,93,"Right_IFOF",27,56,-0.77,0.22,"small"
"pre","0","1",0.793768206671005,93,"Right_ILF",27,56,0.34,1.29,"moderate"
"pre","0","1",-0.0767996444163548,93,"Right_SLF",27,56,-0.54,0.33,"negligible"
"pre","0","1",0.17691674098887,94,"Left_Arcuate",27,56,-0.37,0.7,"negligible"
"pre","0","1",0.30121939621755,94,"Left_IFOF",27,56,-0.2,0.78,"small"
"pre","0","1",0.545431226010477,94,"Left_ILF",27,56,0.1,1.01,"moderate"
"pre","0","1",0.17855386608064,94,"Left_SLF",27,56,-0.32,0.68,"negligible"
"pre","0","1",0.160279535908914,94,"Right_Arcuate",27,56,-0.37,0.74,"negligible"
"pre","0","1",-0.224610479456063,94,"Right_IFOF",27,56,-0.73,0.25,"small"
"pre","0","1",0.564923085222019,94,"Right_ILF",27,56,0.1,1.05,"moderate"
"pre","0","1",-0.155587815976219,94,"Right_SLF",27,56,-0.55,0.29,"negligible"
"pre","0","1",0.37218001300947,95,"Left_Arcuate",27,56,-0.12,0.92,"small"
"pre","0","1",0.194868907684815,95,"Left_IFOF",27,56,-0.29,0.74,"negligible"
"pre","0","1",0.492471422991167,95,"Left_ILF",27,56,0.01,0.96,"small"
"pre","0","1",0.152541696070894,95,"Left_SLF",27,56,-0.35,0.67,"negligible"
"pre","0","1",0.157210878334722,95,"Right_Arcuate",27,56,-0.39,0.75,"negligible"
"pre","0","1",-0.142547787451312,95,"Right_IFOF",27,56,-0.61,0.3,"negligible"
"pre","0","1",0.387376079054733,95,"Right_ILF",27,56,-0.08,0.87,"small"
"pre","0","1",-0.235312696423419,95,"Right_SLF",27,56,-0.55,0.16,"small"
"pre","0","1",0.453252928112897,96,"Left_Arcuate",27,56,-0.02,1.01,"small"
"pre","0","1",0.137872709726868,96,"Left_IFOF",27,56,-0.31,0.65,"negligible"
"pre","0","1",0.458838108299721,96,"Left_ILF",27,56,-0.02,0.93,"small"
"pre","0","1",0.0558261345896117,96,"Left_SLF",27,56,-0.43,0.56,"negligible"
"pre","0","1",0.254697960675077,96,"Right_Arcuate",27,56,-0.27,0.86,"small"
"pre","0","1",-0.0447204379324096,96,"Right_IFOF",27,56,-0.5,0.44,"negligible"
"pre","0","1",0.261391578287208,96,"Right_ILF",27,56,-0.21,0.76,"small"
"pre","0","1",-0.280084028014772,96,"Right_SLF",27,56,-0.6,0.12,"small"
"pre","0","1",0.433775109417398,97,"Left_Arcuate",27,56,-0.1,1.02,"small"
"pre","0","1",0.151669015246206,97,"Left_IFOF",27,56,-0.35,0.65,"negligible"
"pre","0","1",0.299699214127108,97,"Left_ILF",27,56,-0.21,0.82,"small"
"pre","0","1",0.0423012309460307,97,"Left_SLF",27,56,-0.38,0.53,"negligible"
"pre","0","1",0.293088646480159,97,"Right_Arcuate",27,56,-0.2,0.92,"small"
"pre","0","1",0.0125319843189001,97,"Right_IFOF",27,56,-0.42,0.51,"negligible"
"pre","0","1",0.21346157311527,97,"Right_ILF",27,56,-0.22,0.73,"small"
"pre","0","1",-0.329848464886028,97,"Right_SLF",27,56,-0.66,0.05,"small"
"pre","0","1",0.414728191300561,98,"Left_Arcuate",27,56,-0.06,0.97,"small"
"pre","0","1",0.245193841180167,98,"Left_IFOF",27,56,-0.24,0.74,"small"
"pre","0","1",0.132731039982529,98,"Left_ILF",27,56,-0.3,0.61,"negligible"
"pre","0","1",0.150315229145774,98,"Left_SLF",27,56,-0.33,0.68,"negligible"
"pre","0","1",0.400004536888409,98,"Right_Arcuate",27,56,-0.13,1.02,"small"
"pre","0","1",-0.0254672778414579,98,"Right_IFOF",27,56,-0.51,0.46,"negligible"
"pre","0","1",0.0927217067333206,98,"Right_ILF",27,56,-0.35,0.63,"negligible"
"pre","0","1",-0.37014097665834,98,"Right_SLF",27,56,-0.68,-0.01,"small"
"pre","0","1",0.352636058510764,99,"Left_Arcuate",27,56,-0.16,0.89,"small"
"pre","0","1",0.366415021198253,99,"Left_IFOF",27,56,-0.08,0.83,"small"
"pre","0","1",0.144400737681766,99,"Left_ILF",27,56,-0.31,0.66,"negligible"
"pre","0","1",-0.0441597330608779,99,"Left_SLF",27,56,-0.48,0.43,"negligible"
"pre","0","1",0.598722050682477,99,"Right_Arcuate",27,56,0.06,1.11,"moderate"
"pre","0","1",-0.425750715459649,99,"Right_IFOF",27,56,-0.79,-0.02,"small"
"pre","0","1",0.0945180412485024,99,"Right_ILF",27,56,-0.37,0.61,"negligible"
"pre","0","1",-0.347140339495833,99,"Right_SLF",27,56,-0.62,0.0046,"small"
